"latitude","longitude","from","to","label"
40.00212933,-88.34122682,2017-02-03,2017-11-27,soybean
40.00213746,-88.34052408,2017-02-03,2017-11-27,soybean
40.00213339,-88.34087545,2017-02-03,2017-11-27,soybean
40.00185911,-88.34122153,2017-02-03,2017-11-27,soybean
40.00186318,-88.34087016,2017-02-03,2017-11-27,soybean
40.00186724,-88.34051879,2017-02-03,2017-11-27,soybean
40.00205711,-88.32400446,2017-02-03,2017-11-27,soybean
40.00206112,-88.32365309,2017-02-03,2017-11-27,soybean
40.00051289,-88.43116343,2017-02-03,2017-11-27,soybean
40.00158889,-88.34121624,2017-02-03,2017-11-27,soybean
40.00159296,-88.34086487,2017-02-03,2017-11-27,soybean
40.00159702,-88.34051351,2017-02-03,2017-11-27,soybean
40.00178688,-88.32399924,2017-02-03,2017-11-27,soybean
40.0017909,-88.32364787,2017-02-03,2017-11-27,soybean
40.00050855,-88.43151477,2017-02-03,2017-11-27,soybean
40.00023834,-88.43150913,2017-02-03,2017-11-27,soybean
40.00024268,-88.43115778,2017-02-03,2017-11-27,soybean
39.99883051,-88.39176823,2017-02-03,2017-11-27,soybean
39.99883895,-88.39106554,2017-02-03,2017-11-27,soybean
39.99883473,-88.39141689,2017-02-03,2017-11-27,soybean
39.9985603,-88.39176274,2017-02-03,2017-11-27,soybean
39.99856452,-88.3914114,2017-02-03,2017-11-27,soybean
39.99856874,-88.39106006,2017-02-03,2017-11-27,soybean
39.99829852,-88.39105457,2017-02-03,2017-11-27,soybean
39.99829008,-88.39175726,2017-02-03,2017-11-27,soybean
39.9982943,-88.39140592,2017-02-03,2017-11-27,soybean
39.99382253,-88.38112443,2017-02-03,2017-11-27,soybean
39.99382672,-88.38077311,2017-02-03,2017-11-27,soybean
39.99355232,-88.38111899,2017-02-03,2017-11-27,soybean
39.9935565,-88.38076767,2017-02-03,2017-11-27,soybean
39.99176176,-88.43941414,2017-02-03,2017-11-27,soybean
39.99176612,-88.43906284,2017-02-03,2017-11-27,soybean
39.99175739,-88.43976544,2017-02-03,2017-11-27,soybean
39.99148718,-88.43975977,2017-02-03,2017-11-27,soybean
39.99149591,-88.43905717,2017-02-03,2017-11-27,soybean
39.99149155,-88.43940847,2017-02-03,2017-11-27,soybean
39.99121698,-88.43975409,2017-02-03,2017-11-27,soybean
39.99122134,-88.4394028,2017-02-03,2017-11-27,soybean
39.9912257,-88.4390515,2017-02-03,2017-11-27,soybean
39.99078009,-88.34100477,2017-02-03,2017-11-27,soybean
39.99078415,-88.34065346,2017-02-03,2017-11-27,soybean
39.99077602,-88.34135608,2017-02-03,2017-11-27,soybean
39.99050987,-88.34099949,2017-02-03,2017-11-27,soybean
39.99051393,-88.34064818,2017-02-03,2017-11-27,soybean
39.9905058,-88.3413508,2017-02-03,2017-11-27,soybean
39.99023558,-88.34134551,2017-02-03,2017-11-27,soybean
39.99024371,-88.3406429,2017-02-03,2017-11-27,soybean
39.99023965,-88.3409942,2017-02-03,2017-11-27,soybean
39.98766815,-88.42070552,2017-02-03,2017-11-27,soybean
39.98767246,-88.42035424,2017-02-03,2017-11-27,soybean
39.98740225,-88.42034864,2017-02-03,2017-11-27,soybean
39.98739794,-88.42069992,2017-02-03,2017-11-27,soybean
39.98663102,-88.37219539,2017-02-03,2017-11-27,soybean
39.98662686,-88.37254667,2017-02-03,2017-11-27,soybean
39.98636081,-88.37218998,2017-02-03,2017-11-27,soybean
39.98635665,-88.37254126,2017-02-03,2017-11-27,soybean
39.98663036,-88.32581477,2017-02-03,2017-11-27,soybean
39.98662634,-88.32616606,2017-02-03,2017-11-27,soybean
39.98635611,-88.32616083,2017-02-03,2017-11-27,soybean
39.98636013,-88.32580954,2017-02-03,2017-11-27,soybean
39.97967766,-88.41105406,2017-02-03,2017-11-27,soybean
39.97966911,-88.41175655,2017-02-03,2017-11-27,soybean
39.97967339,-88.4114053,2017-02-03,2017-11-27,soybean
39.97940317,-88.41139974,2017-02-03,2017-11-27,soybean
39.9793989,-88.41175098,2017-02-03,2017-11-27,soybean
39.97940745,-88.4110485,2017-02-03,2017-11-27,soybean
39.97912868,-88.41174542,2017-02-03,2017-11-27,soybean
39.97913296,-88.41139418,2017-02-03,2017-11-27,soybean
39.97913724,-88.41104294,2017-02-03,2017-11-27,soybean
39.97922668,-88.38118181,2017-02-03,2017-11-27,soybean
39.97923087,-88.38083057,2017-02-03,2017-11-27,soybean
39.97923505,-88.38047932,2017-02-03,2017-11-27,soybean
39.97895647,-88.38117637,2017-02-03,2017-11-27,soybean
39.97896065,-88.38082513,2017-02-03,2017-11-27,soybean
39.97896484,-88.38047388,2017-02-03,2017-11-27,soybean
39.97868625,-88.38117093,2017-02-03,2017-11-27,soybean
39.97869462,-88.38046845,2017-02-03,2017-11-27,soybean
39.97869044,-88.38081969,2017-02-03,2017-11-27,soybean
39.97695988,-88.45596665,2017-02-03,2017-11-27,soybean
39.97695547,-88.45631788,2017-02-03,2017-11-27,soybean
39.97668967,-88.45596092,2017-02-03,2017-11-27,soybean
39.97668526,-88.45631214,2017-02-03,2017-11-27,soybean
39.97685108,-88.42118409,2017-02-03,2017-11-27,soybean
39.97684677,-88.42153531,2017-02-03,2017-11-27,soybean
39.97684246,-88.42188654,2017-02-03,2017-11-27,soybean
39.97747413,-88.34636575,2017-02-03,2017-11-27,soybean
39.97657225,-88.42188094,2017-02-03,2017-11-27,soybean
39.97748228,-88.34566327,2017-02-03,2017-11-27,soybean
39.9774782,-88.34601451,2017-02-03,2017-11-27,soybean
39.97657656,-88.42152971,2017-02-03,2017-11-27,soybean
39.97658087,-88.42117849,2017-02-03,2017-11-27,soybean
39.97630635,-88.42152411,2017-02-03,2017-11-27,soybean
39.97631065,-88.42117289,2017-02-03,2017-11-27,soybean
39.97630204,-88.42187534,2017-02-03,2017-11-27,soybean
39.9772039,-88.34636045,2017-02-03,2017-11-27,soybean
39.97720798,-88.34600921,2017-02-03,2017-11-27,soybean
39.97721206,-88.34565797,2017-02-03,2017-11-27,soybean
39.97693776,-88.34600391,2017-02-03,2017-11-27,soybean
39.97694184,-88.34565267,2017-02-03,2017-11-27,soybean
39.97693368,-88.34635515,2017-02-03,2017-11-27,soybean
39.97242361,-88.45130357,2017-02-03,2017-11-27,soybean
39.97241921,-88.45165477,2017-02-03,2017-11-27,soybean
39.972149,-88.45164906,2017-02-03,2017-11-27,soybean
39.9721534,-88.45129786,2017-02-03,2017-11-27,soybean
39.97279264,-88.39931968,2017-02-03,2017-11-27,soybean
39.97279688,-88.39896847,2017-02-03,2017-11-27,soybean
39.97280112,-88.39861726,2017-02-03,2017-11-27,soybean
39.97252666,-88.39896296,2017-02-03,2017-11-27,soybean
39.97252242,-88.39931416,2017-02-03,2017-11-27,soybean
39.97335728,-88.32836863,2017-02-03,2017-11-27,soybean
39.97336131,-88.32801741,2017-02-03,2017-11-27,soybean
39.97336533,-88.32766619,2017-02-03,2017-11-27,soybean
39.9725309,-88.39861175,2017-02-03,2017-11-27,soybean
39.97309109,-88.32801218,2017-02-03,2017-11-27,soybean
39.97226069,-88.39860624,2017-02-03,2017-11-27,soybean
39.97225645,-88.39895745,2017-02-03,2017-11-27,soybean
39.97225221,-88.39930865,2017-02-03,2017-11-27,soybean
39.97308706,-88.3283634,2017-02-03,2017-11-27,soybean
39.97309511,-88.32766096,2017-02-03,2017-11-27,soybean
39.97282489,-88.32765573,2017-02-03,2017-11-27,soybean
39.97281684,-88.32835817,2017-02-03,2017-11-27,soybean
39.97282086,-88.32800695,2017-02-03,2017-11-27,soybean
39.97131283,-88.43195928,2017-02-03,2017-11-27,soybean
39.97130849,-88.43231047,2017-02-03,2017-11-27,soybean
39.97103828,-88.43230483,2017-02-03,2017-11-27,soybean
39.97104262,-88.43195364,2017-02-03,2017-11-27,soybean
39.97184024,-88.34274226,2017-02-03,2017-11-27,soybean
39.97184431,-88.34239105,2017-02-03,2017-11-27,soybean
39.97157002,-88.34273697,2017-02-03,2017-11-27,soybean
39.97157408,-88.34238576,2017-02-03,2017-11-27,soybean
39.96421391,-88.32432784,2017-02-03,2017-11-27,soybean
39.96421792,-88.32397666,2017-02-03,2017-11-27,soybean
39.96243907,-88.45003868,2017-02-03,2017-11-27,soybean
39.9639477,-88.32397145,2017-02-03,2017-11-27,soybean
39.96394369,-88.32432263,2017-02-03,2017-11-27,soybean
39.96243028,-88.45074098,2017-02-03,2017-11-27,soybean
39.96243468,-88.45038983,2017-02-03,2017-11-27,soybean
39.96216886,-88.45003298,2017-02-03,2017-11-27,soybean
39.96216447,-88.45038412,2017-02-03,2017-11-27,soybean
39.96216008,-88.45073527,2017-02-03,2017-11-27,soybean
39.96188987,-88.45072956,2017-02-03,2017-11-27,soybean
39.96189426,-88.45037841,2017-02-03,2017-11-27,soybean
39.96189865,-88.45002727,2017-02-03,2017-11-27,soybean
39.95875689,-88.44188277,2017-02-03,2017-11-27,soybean
39.95876126,-88.44153164,2017-02-03,2017-11-27,soybean
39.95849105,-88.44152596,2017-02-03,2017-11-27,soybean
39.95951263,-88.35690147,2017-02-03,2017-11-27,soybean
39.95950852,-88.35725262,2017-02-03,2017-11-27,soybean
39.95950441,-88.35760377,2017-02-03,2017-11-27,soybean
39.95848668,-88.44187709,2017-02-03,2017-11-27,soybean
39.9592383,-88.35724728,2017-02-03,2017-11-27,soybean
39.95924241,-88.35689613,2017-02-03,2017-11-27,soybean
39.95923419,-88.35759842,2017-02-03,2017-11-27,soybean
39.95897219,-88.35689079,2017-02-03,2017-11-27,soybean
39.95896808,-88.35724193,2017-02-03,2017-11-27,soybean
39.95896397,-88.35759308,2017-02-03,2017-11-27,soybean
39.95678194,-88.38213496,2017-02-03,2017-11-27,soybean
39.95677775,-88.38248609,2017-02-03,2017-11-27,soybean
39.95677356,-88.38283722,2017-02-03,2017-11-27,soybean
39.95650335,-88.38283178,2017-02-03,2017-11-27,soybean
39.95651172,-88.38212952,2017-02-03,2017-11-27,soybean
39.95650754,-88.38248065,2017-02-03,2017-11-27,soybean
39.95623732,-88.3824752,2017-02-03,2017-11-27,soybean
39.95623313,-88.38282633,2017-02-03,2017-11-27,soybean
39.95624151,-88.38212408,2017-02-03,2017-11-27,soybean
39.95640505,-88.34525,2017-02-03,2017-11-27,soybean
39.9564132,-88.34454774,2017-02-03,2017-11-27,soybean
39.95640913,-88.34489887,2017-02-03,2017-11-27,soybean
39.9561389,-88.34489358,2017-02-03,2017-11-27,soybean
39.95613483,-88.34524471,2017-02-03,2017-11-27,soybean
39.95614298,-88.34454244,2017-02-03,2017-11-27,soybean
39.95586461,-88.34523941,2017-02-03,2017-11-27,soybean
39.95587276,-88.34453715,2017-02-03,2017-11-27,soybean
39.95586868,-88.34488828,2017-02-03,2017-11-27,soybean
39.95528161,-88.37191975,2017-02-03,2017-11-27,soybean
39.95528576,-88.37156863,2017-02-03,2017-11-27,soybean
39.95501554,-88.37156323,2017-02-03,2017-11-27,soybean
39.95501139,-88.37191435,2017-02-03,2017-11-27,soybean
39.94814184,-88.33525531,2017-02-03,2017-11-27,soybean
39.94813779,-88.3356064,2017-02-03,2017-11-27,soybean
39.94813374,-88.33595749,2017-02-03,2017-11-27,soybean
39.94767805,-88.37492834,2017-02-03,2017-11-27,soybean
39.94767388,-88.37527942,2017-02-03,2017-11-27,soybean
39.94786757,-88.33560114,2017-02-03,2017-11-27,soybean
39.94787161,-88.33525005,2017-02-03,2017-11-27,soybean
39.94786352,-88.33595224,2017-02-03,2017-11-27,soybean
39.94740783,-88.37492293,2017-02-03,2017-11-27,soybean
39.94740366,-88.37527401,2017-02-03,2017-11-27,soybean
39.9475933,-88.33594698,2017-02-03,2017-11-27,soybean
39.94760139,-88.3352448,2017-02-03,2017-11-27,soybean
39.94759734,-88.33559589,2017-02-03,2017-11-27,soybean
39.94551859,-88.35170872,2017-02-03,2017-11-27,soybean
39.9455145,-88.3520598,2017-02-03,2017-11-27,soybean
39.94524427,-88.35205447,2017-02-03,2017-11-27,soybean
39.94524837,-88.3517034,2017-02-03,2017-11-27,soybean
39.94174671,-88.44047218,2017-02-03,2017-11-27,soybean
39.94175108,-88.44012114,2017-02-03,2017-11-27,soybean
39.94175544,-88.43977009,2017-02-03,2017-11-27,soybean
39.94148086,-88.44011547,2017-02-03,2017-11-27,soybean
39.94148522,-88.43976443,2017-02-03,2017-11-27,soybean
39.9414765,-88.44046651,2017-02-03,2017-11-27,soybean
39.94121065,-88.4401098,2017-02-03,2017-11-27,soybean
39.94120629,-88.44046085,2017-02-03,2017-11-27,soybean
39.94121501,-88.43975876,2017-02-03,2017-11-27,soybean
39.9403639,-88.35336293,2017-02-03,2017-11-27,soybean
39.940368,-88.35301188,2017-02-03,2017-11-27,soybean
39.94035981,-88.35371398,2017-02-03,2017-11-27,soybean
39.94009368,-88.3533576,2017-02-03,2017-11-27,soybean
39.94009778,-88.35300655,2017-02-03,2017-11-27,soybean
39.94008958,-88.35370865,2017-02-03,2017-11-27,soybean
39.93981936,-88.35370332,2017-02-03,2017-11-27,soybean
39.93982346,-88.35335228,2017-02-03,2017-11-27,soybean
39.93982756,-88.35300123,2017-02-03,2017-11-27,soybean
39.93441475,-88.4213591,2017-02-03,2017-11-27,soybean
39.93441905,-88.42100809,2017-02-03,2017-11-27,soybean
39.93441044,-88.42171011,2017-02-03,2017-11-27,soybean
39.93414023,-88.42170452,2017-02-03,2017-11-27,soybean
39.93414454,-88.42135351,2017-02-03,2017-11-27,soybean
39.93414884,-88.4210025,2017-02-03,2017-11-27,soybean
39.93387432,-88.42134792,2017-02-03,2017-11-27,soybean
39.93387862,-88.42099691,2017-02-03,2017-11-27,soybean
39.93387002,-88.42169893,2017-02-03,2017-11-27,soybean
39.93361834,-88.37534911,2017-02-03,2017-11-27,soybean
39.93361417,-88.37570012,2017-02-03,2017-11-27,soybean
39.93334395,-88.37569471,2017-02-03,2017-11-27,soybean
39.93334812,-88.3753437,2017-02-03,2017-11-27,soybean
39.93028384,-88.3830061,2017-02-03,2017-11-27,soybean
39.93028803,-88.3826551,2017-02-03,2017-11-27,soybean
39.93027965,-88.38335709,2017-02-03,2017-11-27,soybean
39.92966669,-88.41178185,2017-02-03,2017-11-27,soybean
39.92967097,-88.41143087,2017-02-03,2017-11-27,soybean
39.93000944,-88.38335165,2017-02-03,2017-11-27,soybean
39.93001362,-88.38300066,2017-02-03,2017-11-27,soybean
39.93001781,-88.38264967,2017-02-03,2017-11-27,soybean
39.92940075,-88.41142532,2017-02-03,2017-11-27,soybean
39.92973922,-88.38334621,2017-02-03,2017-11-27,soybean
39.92974341,-88.38299522,2017-02-03,2017-11-27,soybean
39.92974759,-88.38264423,2017-02-03,2017-11-27,soybean
39.92939648,-88.4117763,2017-02-03,2017-11-27,soybean
39.92773056,-88.4373698,2017-02-03,2017-11-27,soybean
39.92773491,-88.43701883,2017-02-03,2017-11-27,soybean
39.92773926,-88.43666785,2017-02-03,2017-11-27,soybean
39.9274647,-88.43701317,2017-02-03,2017-11-27,soybean
39.92746905,-88.4366622,2017-02-03,2017-11-27,soybean
39.92746035,-88.43736415,2017-02-03,2017-11-27,soybean
39.92719449,-88.43700752,2017-02-03,2017-11-27,soybean
39.92719884,-88.43665655,2017-02-03,2017-11-27,soybean
39.92719014,-88.43735849,2017-02-03,2017-11-27,soybean
39.92518226,-88.35727655,2017-02-03,2017-11-27,soybean
39.92518637,-88.35692557,2017-02-03,2017-11-27,soybean
39.92517815,-88.35762752,2017-02-03,2017-11-27,soybean
39.92490793,-88.35762218,2017-02-03,2017-11-27,soybean
39.92491615,-88.35692024,2017-02-03,2017-11-27,soybean
39.92491204,-88.35727121,2017-02-03,2017-11-27,soybean
39.92464182,-88.35726587,2017-02-03,2017-11-27,soybean
39.92464592,-88.3569149,2017-02-03,2017-11-27,soybean
39.92463771,-88.35761684,2017-02-03,2017-11-27,soybean
39.92173248,-88.32842345,2017-02-03,2017-11-27,soybean
39.92172846,-88.32877441,2017-02-03,2017-11-27,soybean
39.92145823,-88.32876918,2017-02-03,2017-11-27,soybean
39.92146226,-88.32841822,2017-02-03,2017-11-27,soybean
39.92074778,-88.31997966,2017-02-03,2017-11-27,soybean
39.92075178,-88.3196287,2017-02-03,2017-11-27,soybean
39.92074379,-88.32033061,2017-02-03,2017-11-27,soybean
39.92047756,-88.31997447,2017-02-03,2017-11-27,soybean
39.92047356,-88.32032542,2017-02-03,2017-11-27,soybean
39.92048155,-88.31962351,2017-02-03,2017-11-27,soybean
39.91891333,-88.42911195,2017-02-03,2017-11-27,soybean
39.918909,-88.42946288,2017-02-03,2017-11-27,soybean
39.92020334,-88.32032023,2017-02-03,2017-11-27,soybean
39.91891765,-88.42876102,2017-02-03,2017-11-27,soybean
39.92021133,-88.31961832,2017-02-03,2017-11-27,soybean
39.92020733,-88.31996928,2017-02-03,2017-11-27,soybean
39.91864311,-88.42910634,2017-02-03,2017-11-27,soybean
39.91863879,-88.42945726,2017-02-03,2017-11-27,soybean
39.91864744,-88.42875541,2017-02-03,2017-11-27,soybean
39.91837722,-88.42874979,2017-02-03,2017-11-27,soybean
39.9183729,-88.42910072,2017-02-03,2017-11-27,soybean
39.91836857,-88.42945164,2017-02-03,2017-11-27,soybean
39.91794028,-88.42031636,2017-02-03,2017-11-27,soybean
39.91793168,-88.42101821,2017-02-03,2017-11-27,soybean
39.91793598,-88.42066728,2017-02-03,2017-11-27,soybean
39.91766577,-88.4206617,2017-02-03,2017-11-27,soybean
39.91766147,-88.42101262,2017-02-03,2017-11-27,soybean
39.91767007,-88.42031077,2017-02-03,2017-11-27,soybean
39.91739125,-88.42100704,2017-02-03,2017-11-27,soybean
39.91739555,-88.42065611,2017-02-03,2017-11-27,soybean
39.91853395,-88.32450041,2017-02-03,2017-11-27,soybean
39.91853796,-88.32414947,2017-02-03,2017-11-27,soybean
39.91739985,-88.42030519,2017-02-03,2017-11-27,soybean
39.91826372,-88.3244952,2017-02-03,2017-11-27,soybean
39.91826773,-88.32414426,2017-02-03,2017-11-27,soybean
39.91815912,-88.33361966,2017-02-03,2017-11-27,soybean
39.91816316,-88.33326872,2017-02-03,2017-11-27,soybean
39.91789293,-88.33326348,2017-02-03,2017-11-27,soybean
39.9178889,-88.33361442,2017-02-03,2017-11-27,soybean
39.91293788,-88.45320595,2017-02-03,2017-11-27,soybean
39.91294228,-88.45285506,2017-02-03,2017-11-27,soybean
39.91294668,-88.45250416,2017-02-03,2017-11-27,soybean
39.91267647,-88.45249845,2017-02-03,2017-11-27,soybean
39.91266767,-88.45320024,2017-02-03,2017-11-27,soybean
39.91267207,-88.45284935,2017-02-03,2017-11-27,soybean
39.91239746,-88.45319453,2017-02-03,2017-11-27,soybean
39.91240186,-88.45284364,2017-02-03,2017-11-27,soybean
39.91240626,-88.45249275,2017-02-03,2017-11-27,soybean
39.90595576,-88.38321862,2017-02-03,2017-11-27,soybean
39.90595995,-88.38286775,2017-02-03,2017-11-27,soybean
39.90595157,-88.38356949,2017-02-03,2017-11-27,soybean
39.90568135,-88.38356405,2017-02-03,2017-11-27,soybean
39.90568554,-88.38321319,2017-02-03,2017-11-27,soybean
39.90568973,-88.38286232,2017-02-03,2017-11-27,soybean
39.90541532,-88.38320775,2017-02-03,2017-11-27,soybean
39.90541951,-88.38285688,2017-02-03,2017-11-27,soybean
39.90541114,-88.38355862,2017-02-03,2017-11-27,soybean
39.90150251,-88.43822524,2017-02-03,2017-11-27,soybean
39.90150687,-88.4378744,2017-02-03,2017-11-27,soybean
39.90149816,-88.43857608,2017-02-03,2017-11-27,soybean
39.90123665,-88.43786875,2017-02-03,2017-11-27,soybean
39.9012323,-88.43821959,2017-02-03,2017-11-27,soybean
39.90122795,-88.43857043,2017-02-03,2017-11-27,soybean
39.90096209,-88.43821394,2017-02-03,2017-11-27,soybean
39.90096644,-88.4378631,2017-02-03,2017-11-27,soybean
39.90095773,-88.43856478,2017-02-03,2017-11-27,soybean
39.90055006,-88.33713839,2017-02-03,2017-11-27,soybean
39.9005541,-88.33678754,2017-02-03,2017-11-27,soybean
39.90055815,-88.33643669,2017-02-03,2017-11-27,soybean
39.90028388,-88.33678229,2017-02-03,2017-11-27,soybean
39.90028792,-88.33643144,2017-02-03,2017-11-27,soybean
39.90027983,-88.33713314,2017-02-03,2017-11-27,soybean
39.90001365,-88.33677704,2017-02-03,2017-11-27,soybean
39.9000177,-88.33642619,2017-02-03,2017-11-27,soybean
39.90000961,-88.33712788,2017-02-03,2017-11-27,soybean
40.00177076,-88.41678049,2017-02-03,2017-11-27,corn
40.00176646,-88.41713185,2017-02-03,2017-11-27,corn
40.00122343,-88.4392614,2017-02-03,2017-11-27,corn
40.00122779,-88.43891005,2017-02-03,2017-11-27,corn
40.00149625,-88.41712626,2017-02-03,2017-11-27,corn
40.00150055,-88.41677491,2017-02-03,2017-11-27,corn
40.00121906,-88.43961275,2017-02-03,2017-11-27,corn
40.00094886,-88.43960707,2017-02-03,2017-11-27,corn
40.00095322,-88.43925573,2017-02-03,2017-11-27,corn
40.00095758,-88.43890438,2017-02-03,2017-11-27,corn
40.00068301,-88.43925005,2017-02-03,2017-11-27,corn
40.00068737,-88.43889871,2017-02-03,2017-11-27,corn
40.00067865,-88.4396014,2017-02-03,2017-11-27,corn
40.00040791,-88.37282261,2017-02-03,2017-11-27,corn
40.00040375,-88.37317396,2017-02-03,2017-11-27,corn
40.0001377,-88.3728172,2017-02-03,2017-11-27,corn
40.00013353,-88.37316855,2017-02-03,2017-11-27,corn
39.99920186,-88.36049832,2017-02-03,2017-11-27,corn
39.99919774,-88.36084967,2017-02-03,2017-11-27,corn
39.99892752,-88.36084431,2017-02-03,2017-11-27,corn
39.99893164,-88.36049296,2017-02-03,2017-11-27,corn
39.99402352,-88.43137934,2017-02-03,2017-11-27,corn
39.99402786,-88.43102803,2017-02-03,2017-11-27,corn
39.9940322,-88.43067672,2017-02-03,2017-11-27,corn
39.99376199,-88.43067108,2017-02-03,2017-11-27,corn
39.99375765,-88.43102239,2017-02-03,2017-11-27,corn
39.99375331,-88.4313737,2017-02-03,2017-11-27,corn
39.99348744,-88.43101675,2017-02-03,2017-11-27,corn
39.99349178,-88.43066544,2017-02-03,2017-11-27,corn
39.99372872,-88.41134323,2017-02-03,2017-11-27,corn
39.99373299,-88.41099192,2017-02-03,2017-11-27,corn
39.9934831,-88.43136806,2017-02-03,2017-11-27,corn
39.99382259,-88.40361429,2017-02-03,2017-11-27,corn
39.99382684,-88.40326297,2017-02-03,2017-11-27,corn
39.9938311,-88.40291165,2017-02-03,2017-11-27,corn
39.99326041,-88.4492848,2017-02-03,2017-11-27,corn
39.9932648,-88.44893349,2017-02-03,2017-11-27,corn
39.99373727,-88.4106406,2017-02-03,2017-11-27,corn
39.99325601,-88.44963611,2017-02-03,2017-11-27,corn
39.99346706,-88.41063504,2017-02-03,2017-11-27,corn
39.99355238,-88.40360875,2017-02-03,2017-11-27,corn
39.99355663,-88.40325744,2017-02-03,2017-11-27,corn
39.99356089,-88.40290612,2017-02-03,2017-11-27,corn
39.99299459,-88.44892778,2017-02-03,2017-11-27,corn
39.9929902,-88.44927909,2017-02-03,2017-11-27,corn
39.9929858,-88.44963039,2017-02-03,2017-11-27,corn
39.99346278,-88.41098636,2017-02-03,2017-11-27,corn
39.9934585,-88.41133767,2017-02-03,2017-11-27,corn
39.99319257,-88.41098079,2017-02-03,2017-11-27,corn
39.99319685,-88.41062948,2017-02-03,2017-11-27,corn
39.99328216,-88.40360322,2017-02-03,2017-11-27,corn
39.99328642,-88.40325191,2017-02-03,2017-11-27,corn
39.99329067,-88.40290059,2017-02-03,2017-11-27,corn
39.99376861,-88.36285032,2017-02-03,2017-11-27,corn
39.99272438,-88.44892207,2017-02-03,2017-11-27,corn
39.99271999,-88.44927338,2017-02-03,2017-11-27,corn
39.9927156,-88.44962468,2017-02-03,2017-11-27,corn
39.99318829,-88.41133211,2017-02-03,2017-11-27,corn
39.99376034,-88.36355297,2017-02-03,2017-11-27,corn
39.99376448,-88.36320165,2017-02-03,2017-11-27,corn
39.99349012,-88.36354759,2017-02-03,2017-11-27,corn
39.99349426,-88.36319627,2017-02-03,2017-11-27,corn
39.99349839,-88.36284495,2017-02-03,2017-11-27,corn
39.99322817,-88.36283958,2017-02-03,2017-11-27,corn
39.99322404,-88.3631909,2017-02-03,2017-11-27,corn
39.99321991,-88.36354222,2017-02-03,2017-11-27,corn
39.99207093,-88.3227574,2017-02-03,2017-11-27,corn
39.99207494,-88.32240608,2017-02-03,2017-11-27,corn
39.99180071,-88.32275219,2017-02-03,2017-11-27,corn
39.99180472,-88.32240087,2017-02-03,2017-11-27,corn
39.9857997,-88.44069443,2017-02-03,2017-11-27,corn
39.98580406,-88.44034316,2017-02-03,2017-11-27,corn
39.98552949,-88.44068875,2017-02-03,2017-11-27,corn
39.98553385,-88.44033748,2017-02-03,2017-11-27,corn
39.98624393,-88.38202587,2017-02-03,2017-11-27,corn
39.98624812,-88.38167459,2017-02-03,2017-11-27,corn
39.98597371,-88.38202043,2017-02-03,2017-11-27,corn
39.9859779,-88.38166915,2017-02-03,2017-11-27,corn
39.98442457,-88.39850293,2017-02-03,2017-11-27,corn
39.98376355,-88.45224623,2017-02-03,2017-11-27,corn
39.98376795,-88.45189498,2017-02-03,2017-11-27,corn
39.98442881,-88.39815166,2017-02-03,2017-11-27,corn
39.98349775,-88.45188926,2017-02-03,2017-11-27,corn
39.98415436,-88.39849742,2017-02-03,2017-11-27,corn
39.9841586,-88.39814615,2017-02-03,2017-11-27,corn
39.98349335,-88.45224051,2017-02-03,2017-11-27,corn
39.98029042,-88.44901069,2017-02-03,2017-11-27,corn
39.98028603,-88.44936193,2017-02-03,2017-11-27,corn
39.98001582,-88.44935622,2017-02-03,2017-11-27,corn
39.98002021,-88.44900499,2017-02-03,2017-11-27,corn
39.97883041,-88.39171365,2017-02-03,2017-11-27,corn
39.97882619,-88.39206489,2017-02-03,2017-11-27,corn
39.97883462,-88.39136241,2017-02-03,2017-11-27,corn
39.97856441,-88.39135693,2017-02-03,2017-11-27,corn
39.97856019,-88.39170817,2017-02-03,2017-11-27,corn
39.97855597,-88.39205941,2017-02-03,2017-11-27,corn
39.97828998,-88.39170269,2017-02-03,2017-11-27,corn
39.97829419,-88.39135145,2017-02-03,2017-11-27,corn
39.97828576,-88.39205392,2017-02-03,2017-11-27,corn
39.97839862,-88.33654677,2017-02-03,2017-11-27,corn
39.97840267,-88.33619552,2017-02-03,2017-11-27,corn
39.97839457,-88.33689801,2017-02-03,2017-11-27,corn
39.97812435,-88.33689275,2017-02-03,2017-11-27,corn
39.97782987,-88.36218227,2017-02-03,2017-11-27,corn
39.97782574,-88.36253351,2017-02-03,2017-11-27,corn
39.97782161,-88.36288475,2017-02-03,2017-11-27,corn
39.9781284,-88.3365415,2017-02-03,2017-11-27,corn
39.97813245,-88.33619025,2017-02-03,2017-11-27,corn
39.97755552,-88.36252814,2017-02-03,2017-11-27,corn
39.97785413,-88.33688748,2017-02-03,2017-11-27,corn
39.97785818,-88.33653623,2017-02-03,2017-11-27,corn
39.97786223,-88.33618499,2017-02-03,2017-11-27,corn
39.97755965,-88.3621769,2017-02-03,2017-11-27,corn
39.97755139,-88.36287938,2017-02-03,2017-11-27,corn
39.97728117,-88.36287401,2017-02-03,2017-11-27,corn
39.9772853,-88.36252278,2017-02-03,2017-11-27,corn
39.97728943,-88.36217154,2017-02-03,2017-11-27,corn
39.97496948,-88.44222348,2017-02-03,2017-11-27,corn
39.97496511,-88.4425747,2017-02-03,2017-11-27,corn
39.97469927,-88.4422178,2017-02-03,2017-11-27,corn
39.9746949,-88.44256901,2017-02-03,2017-11-27,corn
39.97058485,-88.44704928,2017-02-03,2017-11-27,corn
39.97058046,-88.44740047,2017-02-03,2017-11-27,corn
39.97031464,-88.44704358,2017-02-03,2017-11-27,corn
39.97031025,-88.44739477,2017-02-03,2017-11-27,corn
39.96996047,-88.36483628,2017-02-03,2017-11-27,corn
39.96995633,-88.36518748,2017-02-03,2017-11-27,corn
39.96986923,-88.37256267,2017-02-03,2017-11-27,corn
39.96986507,-88.37291387,2017-02-03,2017-11-27,corn
39.96969025,-88.36483091,2017-02-03,2017-11-27,corn
39.96968612,-88.36518211,2017-02-03,2017-11-27,corn
39.96959901,-88.37255726,2017-02-03,2017-11-27,corn
39.96959485,-88.37290846,2017-02-03,2017-11-27,corn
39.96345935,-88.43320038,2017-02-03,2017-11-27,corn
39.9634637,-88.43284923,2017-02-03,2017-11-27,corn
39.96346804,-88.43249807,2017-02-03,2017-11-27,corn
39.96318914,-88.43319474,2017-02-03,2017-11-27,corn
39.96319782,-88.43249243,2017-02-03,2017-11-27,corn
39.96319348,-88.43284359,2017-02-03,2017-11-27,corn
39.96292327,-88.43283794,2017-02-03,2017-11-27,corn
39.96291893,-88.4331891,2017-02-03,2017-11-27,corn
39.96292761,-88.43248679,2017-02-03,2017-11-27,corn
39.96332151,-88.37770043,2017-02-03,2017-11-27,corn
39.96332568,-88.37734926,2017-02-03,2017-11-27,corn
39.96308185,-88.39771667,2017-02-03,2017-11-27,corn
39.96307762,-88.39806783,2017-02-03,2017-11-27,corn
39.96305129,-88.377695,2017-02-03,2017-11-27,corn
39.96305546,-88.37734384,2017-02-03,2017-11-27,corn
39.96281164,-88.39771117,2017-02-03,2017-11-27,corn
39.9628074,-88.39806233,2017-02-03,2017-11-27,corn
39.96120888,-88.41840148,2017-02-03,2017-11-27,corn
39.96121317,-88.41805033,2017-02-03,2017-11-27,corn
39.96093866,-88.41839589,2017-02-03,2017-11-27,corn
39.96094296,-88.41804475,2017-02-03,2017-11-27,corn
39.96162056,-88.33832742,2017-02-03,2017-11-27,corn
39.96162462,-88.33797626,2017-02-03,2017-11-27,corn
39.96162867,-88.3376251,2017-02-03,2017-11-27,corn
39.96135439,-88.33797099,2017-02-03,2017-11-27,corn
39.96135845,-88.33761983,2017-02-03,2017-11-27,corn
39.96135034,-88.33832215,2017-02-03,2017-11-27,corn
39.96108823,-88.33761456,2017-02-03,2017-11-27,corn
39.96108417,-88.33796572,2017-02-03,2017-11-27,corn
39.96108012,-88.33831688,2017-02-03,2017-11-27,corn
39.9567431,-88.42989923,2017-02-03,2017-11-27,corn
39.95673877,-88.43025035,2017-02-03,2017-11-27,corn
39.95646856,-88.43024472,2017-02-03,2017-11-27,corn
39.95647289,-88.4298936,2017-02-03,2017-11-27,corn
39.95656278,-88.40039363,2017-02-03,2017-11-27,corn
39.95656702,-88.4000425,2017-02-03,2017-11-27,corn
39.95655854,-88.40074475,2017-02-03,2017-11-27,corn
39.95629256,-88.40038811,2017-02-03,2017-11-27,corn
39.95629681,-88.40003699,2017-02-03,2017-11-27,corn
39.95628832,-88.40073924,2017-02-03,2017-11-27,corn
39.95601811,-88.40073373,2017-02-03,2017-11-27,corn
39.95602235,-88.4003826,2017-02-03,2017-11-27,corn
39.95602659,-88.40003148,2017-02-03,2017-11-27,corn
39.95119973,-88.44102168,2017-02-03,2017-11-27,corn
39.95119537,-88.44137277,2017-02-03,2017-11-27,corn
39.95092516,-88.4413671,2017-02-03,2017-11-27,corn
39.95092952,-88.441016,2017-02-03,2017-11-27,corn
39.94803993,-88.43428316,2017-02-03,2017-11-27,corn
39.94803559,-88.43463424,2017-02-03,2017-11-27,corn
39.94776538,-88.4346286,2017-02-03,2017-11-27,corn
39.94776972,-88.43427752,2017-02-03,2017-11-27,corn
39.94720184,-88.32294619,2017-02-03,2017-11-27,corn
39.94720584,-88.3225951,2017-02-03,2017-11-27,corn
39.94719783,-88.32329728,2017-02-03,2017-11-27,corn
39.94692761,-88.32329207,2017-02-03,2017-11-27,corn
39.94693161,-88.32294099,2017-02-03,2017-11-27,corn
39.94693562,-88.3225899,2017-02-03,2017-11-27,corn
39.94666539,-88.32258469,2017-02-03,2017-11-27,corn
39.94666139,-88.32293578,2017-02-03,2017-11-27,corn
39.94665738,-88.32328687,2017-02-03,2017-11-27,corn
39.94367703,-88.39310789,2017-02-03,2017-11-27,corn
39.94399047,-88.36677807,2017-02-03,2017-11-27,corn
39.94367281,-88.39345896,2017-02-03,2017-11-27,corn
39.94366859,-88.39381002,2017-02-03,2017-11-27,corn
39.94398633,-88.36712914,2017-02-03,2017-11-27,corn
39.94372025,-88.3667727,2017-02-03,2017-11-27,corn
39.94371611,-88.36712376,2017-02-03,2017-11-27,corn
39.94340681,-88.39310241,2017-02-03,2017-11-27,corn
39.94339837,-88.39380453,2017-02-03,2017-11-27,corn
39.94340259,-88.39345347,2017-02-03,2017-11-27,corn
39.94312816,-88.39379905,2017-02-03,2017-11-27,corn
39.94313238,-88.39344799,2017-02-03,2017-11-27,corn
39.9431366,-88.39309693,2017-02-03,2017-11-27,corn
39.94167484,-88.37972407,2017-02-03,2017-11-27,corn
39.94167066,-88.38007513,2017-02-03,2017-11-27,corn
39.94167902,-88.37937302,2017-02-03,2017-11-27,corn
39.94140044,-88.3800697,2017-02-03,2017-11-27,corn
39.9414088,-88.37936759,2017-02-03,2017-11-27,corn
39.94140462,-88.37971865,2017-02-03,2017-11-27,corn
39.94164435,-88.3361824,2017-02-03,2017-11-27,corn
39.9416403,-88.33653346,2017-02-03,2017-11-27,corn
39.94163625,-88.33688451,2017-02-03,2017-11-27,corn
39.94113023,-88.38006427,2017-02-03,2017-11-27,corn
39.94113858,-88.37936217,2017-02-03,2017-11-27,corn
39.9411344,-88.37971322,2017-02-03,2017-11-27,corn
39.94137412,-88.33617714,2017-02-03,2017-11-27,corn
39.94136603,-88.33687925,2017-02-03,2017-11-27,corn
39.94137008,-88.3365282,2017-02-03,2017-11-27,corn
39.9410958,-88.336874,2017-02-03,2017-11-27,corn
39.940669,-88.37338349,2017-02-03,2017-11-27,corn
39.94109985,-88.33652294,2017-02-03,2017-11-27,corn
39.94067316,-88.37303244,2017-02-03,2017-11-27,corn
39.9411039,-88.33617188,2017-02-03,2017-11-27,corn
39.94039879,-88.37337809,2017-02-03,2017-11-27,corn
39.94040294,-88.37302704,2017-02-03,2017-11-27,corn
39.93432408,-88.45049837,2017-02-03,2017-11-27,corn
39.93432848,-88.45014736,2017-02-03,2017-11-27,corn
39.93431969,-88.45084937,2017-02-03,2017-11-27,corn
39.93404948,-88.45084367,2017-02-03,2017-11-27,corn
39.93405387,-88.45049266,2017-02-03,2017-11-27,corn
39.93405827,-88.45014166,2017-02-03,2017-11-27,corn
39.93378366,-88.45048696,2017-02-03,2017-11-27,corn
39.93378806,-88.45013595,2017-02-03,2017-11-27,corn
39.93446855,-88.39467664,2017-02-03,2017-11-27,corn
39.93447278,-88.39432563,2017-02-03,2017-11-27,corn
39.934477,-88.39397461,2017-02-03,2017-11-27,corn
39.93377927,-88.45083796,2017-02-03,2017-11-27,corn
39.93419834,-88.39467116,2017-02-03,2017-11-27,corn
39.93420256,-88.39432014,2017-02-03,2017-11-27,corn
39.93420678,-88.39396913,2017-02-03,2017-11-27,corn
39.93393234,-88.39431466,2017-02-03,2017-11-27,corn
39.93393656,-88.39396365,2017-02-03,2017-11-27,corn
39.93392812,-88.39466567,2017-02-03,2017-11-27,corn
39.9307021,-88.32403278,2017-02-03,2017-11-27,corn
39.93070611,-88.32368177,2017-02-03,2017-11-27,corn
39.93069809,-88.32438378,2017-02-03,2017-11-27,corn
39.93042787,-88.32437857,2017-02-03,2017-11-27,corn
39.93043188,-88.32402757,2017-02-03,2017-11-27,corn
39.93043588,-88.32367657,2017-02-03,2017-11-27,corn
39.93016165,-88.32402236,2017-02-03,2017-11-27,corn
39.93016566,-88.32367136,2017-02-03,2017-11-27,corn
39.93015764,-88.32437337,2017-02-03,2017-11-27,corn
39.92625286,-88.44751953,2017-02-03,2017-11-27,corn
39.92624848,-88.4478705,2017-02-03,2017-11-27,corn
39.92597827,-88.4478648,2017-02-03,2017-11-27,corn
39.92598265,-88.44751384,2017-02-03,2017-11-27,corn
39.9254026,-88.33832394,2017-02-03,2017-11-27,corn
39.92539855,-88.33867491,2017-02-03,2017-11-27,corn
39.92539449,-88.33902589,2017-02-03,2017-11-27,corn
39.92512427,-88.33902062,2017-02-03,2017-11-27,corn
39.92512832,-88.33866965,2017-02-03,2017-11-27,corn
39.92513237,-88.33831867,2017-02-03,2017-11-27,corn
39.9248581,-88.33866438,2017-02-03,2017-11-27,corn
39.92485405,-88.33901536,2017-02-03,2017-11-27,corn
39.92486215,-88.33831341,2017-02-03,2017-11-27,corn
39.91987263,-88.43896058,2017-02-03,2017-11-27,corn
39.91987699,-88.43860965,2017-02-03,2017-11-27,corn
39.91960678,-88.43860399,2017-02-03,2017-11-27,corn
39.91960242,-88.43895492,2017-02-03,2017-11-27,corn
39.91974531,-88.38279403,2017-02-03,2017-11-27,corn
39.9197495,-88.38244309,2017-02-03,2017-11-27,corn
39.91947928,-88.38243765,2017-02-03,2017-11-27,corn
39.91947509,-88.38278859,2017-02-03,2017-11-27,corn
39.91708154,-88.40204606,2017-02-03,2017-11-27,corn
39.91707305,-88.40274791,2017-02-03,2017-11-27,corn
39.91707729,-88.40239698,2017-02-03,2017-11-27,corn
39.91680708,-88.40239147,2017-02-03,2017-11-27,corn
39.91681132,-88.40204055,2017-02-03,2017-11-27,corn
39.91680283,-88.40274239,2017-02-03,2017-11-27,corn
39.91653261,-88.40273688,2017-02-03,2017-11-27,corn
39.9165411,-88.40203504,2017-02-03,2017-11-27,corn
39.91653686,-88.40238596,2017-02-03,2017-11-27,corn
39.91276027,-88.3563293,2017-02-03,2017-11-27,corn
39.91275616,-88.35668021,2017-02-03,2017-11-27,corn
39.91276437,-88.3559784,2017-02-03,2017-11-27,corn
39.91248594,-88.35667488,2017-02-03,2017-11-27,corn
39.91249415,-88.35597307,2017-02-03,2017-11-27,corn
39.91249004,-88.35632397,2017-02-03,2017-11-27,corn
39.9125408,-88.32859682,2017-02-03,2017-11-27,corn
39.91221571,-88.35666955,2017-02-03,2017-11-27,corn
39.91221982,-88.35631864,2017-02-03,2017-11-27,corn
39.91222393,-88.35596774,2017-02-03,2017-11-27,corn
39.91253678,-88.32894773,2017-02-03,2017-11-27,corn
39.91254884,-88.327895,2017-02-03,2017-11-27,corn
39.91254483,-88.32824591,2017-02-03,2017-11-27,corn
39.91227862,-88.32788978,2017-02-03,2017-11-27,corn
39.9122746,-88.32824069,2017-02-03,2017-11-27,corn
39.91227058,-88.3285916,2017-02-03,2017-11-27,corn
39.91226656,-88.32894251,2017-02-03,2017-11-27,corn
39.91199633,-88.32893729,2017-02-03,2017-11-27,corn
39.91200035,-88.32858638,2017-02-03,2017-11-27,corn
39.91200437,-88.32823547,2017-02-03,2017-11-27,corn
39.91200839,-88.32788456,2017-02-03,2017-11-27,corn
39.90639964,-88.39129955,2017-02-03,2017-11-27,corn
39.90640385,-88.39094868,2017-02-03,2017-11-27,corn
39.90639543,-88.39165043,2017-02-03,2017-11-27,corn
39.90613363,-88.39094322,2017-02-03,2017-11-27,corn
39.90612521,-88.39164496,2017-02-03,2017-11-27,corn
39.90612942,-88.39129409,2017-02-03,2017-11-27,corn
39.9058592,-88.39128862,2017-02-03,2017-11-27,corn
39.90586341,-88.39093775,2017-02-03,2017-11-27,corn
39.90585499,-88.39163949,2017-02-03,2017-11-27,corn
39.90485791,-88.45092952,2017-02-03,2017-11-27,corn
39.9048623,-88.45057866,2017-02-03,2017-11-27,corn
39.90485352,-88.45128037,2017-02-03,2017-11-27,corn
39.90458331,-88.45127467,2017-02-03,2017-11-27,corn
39.90459209,-88.45057296,2017-02-03,2017-11-27,corn
39.9045877,-88.45092382,2017-02-03,2017-11-27,corn
39.90431749,-88.45091811,2017-02-03,2017-11-27,corn
39.90479403,-88.41232396,2017-02-03,2017-11-27,corn
39.90582131,-88.3253084,2017-02-03,2017-11-27,corn
39.90480257,-88.41162224,2017-02-03,2017-11-27,corn
39.90582532,-88.32495752,2017-02-03,2017-11-27,corn
39.90582932,-88.32460664,2017-02-03,2017-11-27,corn
39.90432188,-88.45056726,2017-02-03,2017-11-27,corn
39.9047983,-88.4119731,2017-02-03,2017-11-27,corn
39.9043131,-88.45126897,2017-02-03,2017-11-27,corn
39.90452809,-88.41196755,2017-02-03,2017-11-27,corn
39.90453236,-88.41161669,2017-02-03,2017-11-27,corn
39.90555108,-88.32530319,2017-02-03,2017-11-27,corn
39.9055591,-88.32460144,2017-02-03,2017-11-27,corn
39.90452381,-88.41231841,2017-02-03,2017-11-27,corn
39.90555509,-88.32495231,2017-02-03,2017-11-27,corn
39.90528486,-88.32494711,2017-02-03,2017-11-27,corn
39.90528887,-88.32459623,2017-02-03,2017-11-27,corn
39.90414212,-88.42143513,2017-02-03,2017-11-27,corn
39.90414642,-88.42108427,2017-02-03,2017-11-27,corn
39.90426214,-88.41161115,2017-02-03,2017-11-27,corn
39.90425787,-88.411962,2017-02-03,2017-11-27,corn
39.9042536,-88.41231286,2017-02-03,2017-11-27,corn
39.90528085,-88.32529798,2017-02-03,2017-11-27,corn
39.90387621,-88.42107869,2017-02-03,2017-11-27,corn
39.9038719,-88.42142954,2017-02-03,2017-11-27,corn
39.90164417,-88.35926847,2017-02-03,2017-11-27,corn
39.90164005,-88.35961932,2017-02-03,2017-11-27,corn
39.90163594,-88.35997017,2017-02-03,2017-11-27,corn
39.90136983,-88.35961398,2017-02-03,2017-11-27,corn
39.90136572,-88.35996483,2017-02-03,2017-11-27,corn
39.90137394,-88.35926313,2017-02-03,2017-11-27,corn
39.90110372,-88.35925779,2017-02-03,2017-11-27,corn
39.90109961,-88.35960864,2017-02-03,2017-11-27,corn
39.90109549,-88.35995949,2017-02-03,2017-11-27,corn
39.89950469,-88.40274048,2017-02-03,2017-11-27,corn
39.89950044,-88.40309132,2017-02-03,2017-11-27,corn
39.89923447,-88.40273497,2017-02-03,2017-11-27,corn
39.89923022,-88.4030858,2017-02-03,2017-11-27,corn
39.97980786,-88.35484356,2017-02-03,2017-11-27,alfalfa
39.96592738,-88.38583175,2017-02-03,2017-11-27,alfalfa
39.9645847,-88.38510213,2017-02-03,2017-11-27,alfalfa
39.9613295,-88.38609015,2017-02-03,2017-11-27,alfalfa
39.96107608,-88.38468008,2017-02-03,2017-11-27,alfalfa
39.94785215,-88.40548349,2017-02-03,2017-11-27,alfalfa
39.94764143,-88.40056283,2017-02-03,2017-11-27,alfalfa
39.94761596,-88.40266932,2017-02-03,2017-11-27,alfalfa
39.94711372,-88.39949858,2017-02-03,2017-11-27,alfalfa
39.94227758,-88.32811846,2017-02-03,2017-11-27,alfalfa
39.98223888,-88.4444844,2017-02-03,2017-11-27,developed
39.98229722,-88.34997389,2017-02-03,2017-11-27,developed
39.98223026,-88.33240528,2017-02-03,2017-11-27,developed
39.96953468,-88.44456818,2017-02-03,2017-11-27,developed
39.96769398,-88.41853552,2017-02-03,2017-11-27,developed
39.96802864,-88.34512658,2017-02-03,2017-11-27,developed
39.96662602,-88.41745965,2017-02-03,2017-11-27,developed
39.96720166,-88.34651545,2017-02-03,2017-11-27,developed
39.96739225,-88.3300095,2017-02-03,2017-11-27,developed
39.96688241,-88.35072439,2017-02-03,2017-11-27,developed
39.96581789,-88.34929839,2017-02-03,2017-11-27,developed
39.96582197,-88.34894721,2017-02-03,2017-11-27,developed
39.96588316,-88.34367948,2017-02-03,2017-11-27,developed
39.96588723,-88.3433283,2017-02-03,2017-11-27,developed
39.96554767,-88.34929307,2017-02-03,2017-11-27,developed
39.96555175,-88.34894189,2017-02-03,2017-11-27,developed
39.96561294,-88.34367419,2017-02-03,2017-11-27,developed
39.96561701,-88.34332301,2017-02-03,2017-11-27,developed
39.96422923,-88.34645712,2017-02-03,2017-11-27,developed
39.96422515,-88.3468083,2017-02-03,2017-11-27,developed
39.96395493,-88.34680299,2017-02-03,2017-11-27,developed
39.96395901,-88.34645182,2017-02-03,2017-11-27,developed
39.96363976,-88.35066056,2017-02-03,2017-11-27,developed
39.9548607,-88.40703178,2017-02-03,2017-11-27,developed
39.95270324,-88.40663637,2017-02-03,2017-11-27,developed
39.95292757,-88.38802767,2017-02-03,2017-11-27,developed
39.95248456,-88.42454266,2017-02-03,2017-11-27,developed
39.95248887,-88.42419156,2017-02-03,2017-11-27,developed
39.95221866,-88.42418595,2017-02-03,2017-11-27,developed
39.95234332,-88.41400401,2017-02-03,2017-11-27,developed
39.95221434,-88.42453705,2017-02-03,2017-11-27,developed
39.95273245,-88.35887463,2017-02-03,2017-11-27,developed
39.95138644,-88.42592462,2017-02-03,2017-11-27,developed
39.9465011,-88.44935091,2017-02-03,2017-11-27,developed
39.94615171,-88.45566439,2017-02-03,2017-11-27,developed
39.9461473,-88.45601545,2017-02-03,2017-11-27,developed
39.94615612,-88.45531332,2017-02-03,2017-11-27,developed
39.94588591,-88.45530759,2017-02-03,2017-11-27,developed
39.9458815,-88.45565866,2017-02-03,2017-11-27,developed
39.94587709,-88.45600972,2017-02-03,2017-11-27,developed
39.94561129,-88.45565293,2017-02-03,2017-11-27,developed
39.9456157,-88.45530187,2017-02-03,2017-11-27,developed
39.94560688,-88.45600399,2017-02-03,2017-11-27,developed
39.94536751,-88.45354084,2017-02-03,2017-11-27,developed
39.94345402,-88.45525606,2017-02-03,2017-11-27,developed
39.94345843,-88.45490501,2017-02-03,2017-11-27,developed
39.94344962,-88.45560711,2017-02-03,2017-11-27,developed
39.94317941,-88.45560138,2017-02-03,2017-11-27,developed
39.94318822,-88.45489928,2017-02-03,2017-11-27,developed
39.94318381,-88.45525033,2017-02-03,2017-11-27,developed
39.94291801,-88.45489356,2017-02-03,2017-11-27,developed
39.9429092,-88.45559566,2017-02-03,2017-11-27,developed
39.94291361,-88.45524461,2017-02-03,2017-11-27,developed
39.94266542,-88.45348365,2017-02-03,2017-11-27,developed
39.94078275,-88.45274154,2017-02-03,2017-11-27,developed
39.93953698,-88.44428821,2017-02-03,2017-11-27,developed
39.93806305,-88.45408849,2017-02-03,2017-11-27,developed
39.9378456,-88.4498705,2017-02-03,2017-11-27,developed
39.93790696,-88.44495617,2017-02-03,2017-11-27,developed
39.9375712,-88.40632645,2017-02-03,2017-11-27,developed
39.93780849,-88.36384612,2017-02-03,2017-11-27,developed
39.92980501,-88.44443469,2017-02-03,2017-11-27,developed
39.92356742,-88.42429412,2017-02-03,2017-11-27,developed
39.92351147,-88.40674079,2017-02-03,2017-11-27,developed
39.92351573,-88.40638984,2017-02-03,2017-11-27,developed
39.92304972,-88.4442927,2017-02-03,2017-11-27,developed
39.92324125,-88.40673526,2017-02-03,2017-11-27,developed
39.92324551,-88.40638431,2017-02-03,2017-11-27,developed
39.92310014,-88.41831674,2017-02-03,2017-11-27,developed
39.9229381,-88.36425306,2017-02-03,2017-11-27,developed
39.91624439,-88.3588551,2017-02-03,2017-11-27,developed
39.91592061,-88.36341178,2017-02-03,2017-11-27,developed
39.91591648,-88.3637627,2017-02-03,2017-11-27,developed
39.91564626,-88.36375734,2017-02-03,2017-11-27,developed
39.91565039,-88.36340642,2017-02-03,2017-11-27,developed
39.91583909,-88.34726389,2017-02-03,2017-11-27,developed
39.91551328,-88.32865427,2017-02-03,2017-11-27,developed
39.91545688,-88.33356724,2017-02-03,2017-11-27,developed
39.91562547,-88.31882828,2017-02-03,2017-11-27,developed
39.90926017,-88.44470495,2017-02-03,2017-11-27,developed
39.90926454,-88.44435407,2017-02-03,2017-11-27,developed
39.90946447,-88.40610239,2017-02-03,2017-11-27,developed
39.90898995,-88.44469927,2017-02-03,2017-11-27,developed
39.90899433,-88.4443484,2017-02-03,2017-11-27,developed
39.90861184,-88.3871327,2017-02-03,2017-11-27,developed
39.90899567,-88.33133609,2017-02-03,2017-11-27,developed
39.90061337,-88.44452331,2017-02-03,2017-11-27,developed
39.90061774,-88.44417248,2017-02-03,2017-11-27,developed
39.90159061,-88.36382954,2017-02-03,2017-11-27,developed
39.90034316,-88.44451764,2017-02-03,2017-11-27,developed
39.90034753,-88.44416681,2017-02-03,2017-11-27,developed
39.99738284,-88.33094265,2017-02-03,2017-11-27,grass
39.99609478,-88.34883991,2017-02-03,2017-11-27,grass
39.98705441,-88.44845089,2017-02-03,2017-11-27,grass
39.98679737,-88.44739136,2017-02-03,2017-11-27,grass
39.98624817,-88.44808249,2017-02-03,2017-11-27,grass
39.98627011,-88.44632614,2017-02-03,2017-11-27,grass
39.98674294,-88.36271068,2017-02-03,2017-11-27,grass
39.98600766,-88.40169749,2017-02-03,2017-11-27,grass
39.98620251,-88.36269994,2017-02-03,2017-11-27,grass
39.98465234,-88.40202114,2017-02-03,2017-11-27,grass
39.98458946,-88.36196517,2017-02-03,2017-11-27,grass
39.98360637,-88.42132407,2017-02-03,2017-11-27,grass
39.98404076,-88.36265698,2017-02-03,2017-11-27,grass
39.98307886,-88.42025909,2017-02-03,2017-11-27,grass
39.98307025,-88.42096161,2017-02-03,2017-11-27,grass
39.98317331,-88.41253138,2017-02-03,2017-11-27,grass
39.98167149,-88.40266289,2017-02-03,2017-11-27,grass
39.98214097,-88.36332193,2017-02-03,2017-11-27,grass
39.98139703,-88.40300862,2017-02-03,2017-11-27,grass
39.98190378,-88.36050646,2017-02-03,2017-11-27,grass
39.9818914,-88.36156025,2017-02-03,2017-11-27,grass
39.98146609,-88.35171424,2017-02-03,2017-11-27,grass
39.97957865,-88.35132571,2017-02-03,2017-11-27,grass
39.96645004,-88.40972823,2017-02-03,2017-11-27,grass
39.96629688,-88.35457677,2017-02-03,2017-11-27,grass
39.96667799,-88.32156526,2017-02-03,2017-11-27,grass
39.96454572,-88.41074287,2017-02-03,2017-11-27,grass
39.96297608,-88.36118491,2017-02-03,2017-11-27,grass
39.95998303,-88.36288171,2017-02-03,2017-11-27,grass
39.95944259,-88.36287098,2017-02-03,2017-11-27,grass
39.95810388,-88.36179073,2017-02-03,2017-11-27,grass
39.95784191,-88.36108309,2017-02-03,2017-11-27,grass
39.95455385,-88.36488114,2017-02-03,2017-11-27,grass
39.94859697,-88.31911015,2017-02-03,2017-11-27,grass
39.94804853,-88.31980196,2017-02-03,2017-11-27,grass
39.94575941,-88.42194504,2017-02-03,2017-11-27,grass
39.94574649,-88.42299825,2017-02-03,2017-11-27,grass
39.93939569,-88.3895098,2017-02-03,2017-11-27,grass
39.93913809,-88.38845122,2017-02-03,2017-11-27,grass
39.93885216,-88.36702695,2017-02-03,2017-11-27,grass
39.93884802,-88.36737799,2017-02-03,2017-11-27,grass
39.93858194,-88.36702157,2017-02-03,2017-11-27,grass
39.9385778,-88.36737261,2017-02-03,2017-11-27,grass
39.9346994,-88.4420799,2017-02-03,2017-11-27,grass
39.93416771,-88.44136654,2017-02-03,2017-11-27,grass
39.93452036,-88.36764295,2017-02-03,2017-11-27,grass
39.93399234,-88.36657914,2017-02-03,2017-11-27,grass
39.9323111,-88.43851889,2017-02-03,2017-11-27,grass
39.93291973,-88.36585562,2017-02-03,2017-11-27,grass
39.92997042,-88.43109729,2017-02-03,2017-11-27,grass
39.92965683,-88.4346015,2017-02-03,2017-11-27,grass
39.92154978,-88.36738482,2017-02-03,2017-11-27,grass
39.9200782,-88.37753533,2017-02-03,2017-11-27,grass
39.92007403,-88.37788627,2017-02-03,2017-11-27,grass
39.91980798,-88.37752991,2017-02-03,2017-11-27,grass
39.91980381,-88.37788085,2017-02-03,2017-11-27,grass
39.91529327,-88.37077039,2017-02-03,2017-11-27,grass
39.91529742,-88.37041947,2017-02-03,2017-11-27,grass
39.9150272,-88.37041409,2017-02-03,2017-11-27,grass
39.91502305,-88.370765,2017-02-03,2017-11-27,grass
39.91393802,-88.37109437,2017-02-03,2017-11-27,grass
39.91394217,-88.37074345,2017-02-03,2017-11-27,grass
39.91367195,-88.37073807,2017-02-03,2017-11-27,grass
39.9136678,-88.37108898,2017-02-03,2017-11-27,grass
39.91178455,-88.37034945,2017-02-03,2017-11-27,grass
39.9117804,-88.37070035,2017-02-03,2017-11-27,grass
39.91151433,-88.37034407,2017-02-03,2017-11-27,grass
39.91151018,-88.37069497,2017-02-03,2017-11-27,grass
39.90772294,-88.37097044,2017-02-03,2017-11-27,grass
39.90773538,-88.36991779,2017-02-03,2017-11-27,grass
39.9061182,-88.36953462,2017-02-03,2017-11-27,grass
39.90241358,-88.38560393,2017-02-03,2017-11-27,grass
39.90241777,-88.38525308,2017-02-03,2017-11-27,grass
39.90266324,-88.36455269,2017-02-03,2017-11-27,grass
39.90265911,-88.36490354,2017-02-03,2017-11-27,grass
39.90214336,-88.38559849,2017-02-03,2017-11-27,grass
39.90238889,-88.36489818,2017-02-03,2017-11-27,grass
39.90239302,-88.36454732,2017-02-03,2017-11-27,grass
39.90214755,-88.38524764,2017-02-03,2017-11-27,grass
39.90084668,-88.3810103,2017-02-03,2017-11-27,grass
39.9008425,-88.38136114,2017-02-03,2017-11-27,grass
39.90057228,-88.38135572,2017-02-03,2017-11-27,grass
39.90076756,-88.364866,2017-02-03,2017-11-27,grass
39.90077169,-88.36451516,2017-02-03,2017-11-27,grass
39.90057646,-88.38100487,2017-02-03,2017-11-27,grass
39.90050146,-88.3645098,2017-02-03,2017-11-27,grass
39.90049733,-88.36486064,2017-02-03,2017-11-27,grass
39.99003094,-88.35891079,2017-02-03,2017-11-27,deciduous tree
39.98708323,-88.35674415,2017-02-03,2017-11-27,deciduous tree
39.97001827,-88.35991947,2017-02-03,2017-11-27,deciduous tree
39.97001415,-88.36027068,2017-02-03,2017-11-27,deciduous tree
39.96974805,-88.35991412,2017-02-03,2017-11-27,deciduous tree
39.96974393,-88.36026532,2017-02-03,2017-11-27,deciduous tree
39.96837634,-88.3616433,2017-02-03,2017-11-27,deciduous tree
39.96838046,-88.36129211,2017-02-03,2017-11-27,deciduous tree
39.96839283,-88.36023853,2017-02-03,2017-11-27,deciduous tree
39.96839695,-88.35988734,2017-02-03,2017-11-27,deciduous tree
39.96811024,-88.36128675,2017-02-03,2017-11-27,deciduous tree
39.96812261,-88.36023318,2017-02-03,2017-11-27,deciduous tree
39.96812673,-88.35988199,2017-02-03,2017-11-27,deciduous tree
39.96810612,-88.36163794,2017-02-03,2017-11-27,deciduous tree
39.9060351,-88.37655207,2017-02-03,2017-11-27,deciduous tree
39.90603927,-88.3762012,2017-02-03,2017-11-27,deciduous tree
39.90576905,-88.37619579,2017-02-03,2017-11-27,deciduous tree
39.90576488,-88.37654666,2017-02-03,2017-11-27,deciduous tree
39.90526189,-88.37337803,2017-02-03,2017-11-27,deciduous tree
39.90525773,-88.3737289,2017-02-03,2017-11-27,deciduous tree
39.90499167,-88.37337264,2017-02-03,2017-11-27,deciduous tree
39.90498751,-88.3737235,2017-02-03,2017-11-27,deciduous tree
39.90499343,-88.35020996,2017-02-03,2017-11-27,deciduous tree
39.90499751,-88.34985908,2017-02-03,2017-11-27,deciduous tree
39.90472729,-88.34985378,2017-02-03,2017-11-27,deciduous tree
39.9047232,-88.35020465,2017-02-03,2017-11-27,deciduous tree
39.9044734,-88.34844501,2017-02-03,2017-11-27,deciduous tree
39.90446932,-88.34879587,2017-02-03,2017-11-27,deciduous tree
39.90420317,-88.34843971,2017-02-03,2017-11-27,deciduous tree
39.90419909,-88.34879057,2017-02-03,2017-11-27,deciduous tree
39.91426635,-88.31950421,2017-02-03,2017-11-27,winter wheat
39.91318145,-88.31983438,2017-02-03,2017-11-27,winter wheat
39.91265697,-88.31842035,2017-02-03,2017-11-27,winter wheat
39.91235879,-88.32087155,2017-02-03,2017-11-27,winter wheat
39.91157607,-88.31839962,2017-02-03,2017-11-27,winter wheat
39.90939829,-88.31976176,2017-02-03,2017-11-27,winter wheat
39.90032712,-88.37924524,2017-02-03,2017-11-27,winter wheat
39.90006524,-88.37853814,2017-02-03,2017-11-27,winter wheat
39.89951228,-88.37957982,2017-02-03,2017-11-27,winter wheat
39.89897602,-88.37921815,2017-02-03,2017-11-27,winter wheat
